username;name;salary;comment;remark
dr_hayward_1403;Dr Stacey Hayward;19.0;'''Note: Officiis; then Praesentium quo''';'''In odit neque; Commodi fugiat ut accusantium ; Aliquid asperiores'''
georgia_harrison_0794;Georgia Harrison;73.0;'''Note: Recusandae blanditiis voluptates; then Ut porro blanditiis doloribus atque''';'''Facere animi; Cupiditate eligendi et ; Quasi nobis qui sit quas in'''
jonathan_stevenson_3990; ;26.0;'''Note: Autem inventore eveniet; then Aperiam dolore vel''';'''Ad qui: Voluptas reprehenderit fugit; Rerum dolores blanditiis'''
kimberley_kelly_3098;Kimberley Kelly;40.0;'''Ducimus: Perspiciatis aspernatur eius pariatur; Illum facere tenetur''';'''(Ad eligendi illo facere optio similique) ; Nobis quasi facere impedit and Dicta culpa'''
christian_macdonald_5646;Christian Macdonald;66.0;'''Beatae necessitatibus molestias: Soluta ab debitis; Quibusdam eveniet ut deserunt deleniti nam''';'''(Occaecati fugit) ; Minima and Eligendi'''
carole_evans_3718;Carole Evans;22.0;'''Commodi aliquam; Dolores minus unde corrupti ; A aliquid officiis''';'''Mollitia cum fuga ea; Nisi Reprehenderit ut'''
ruth_rose_8586;Ruth Wells-Rose;92.0;'''Officiis sed quae: Illum quam; Quisquam''';'''Delectus culpa ducimus sapiente; Commodi Saepe'''
judith_evans_7869;Judith Evans;13.0;'''(Ipsum repellendus architecto placeat illum) ; Ex sapiente sint ad and Maiores''';'''(Expedita ratione asperiores) ; Architecto et amet in and Illum'''
rosie_spencer_5265;Rosie Spencer;33.0;'''Note: Quasi odit earum; then Molestiae esse sequi dignissimos culpa necessitatibus''';'''Note: Ipsum aspernatur nemo; then Consequuntur nemo'''
marc_bates_4105;Marc Robinson-Bates;45.0;'''Ratione ducimus quam; Soluta fugit deleniti Sed exercitationem repellat saepe''';'''Officia; Nemo dignissimos rem ; Non perspiciatis excepturi'''
russell_dickinson_6359;Russell White-Dickinson;34.0;'''Minima animi assumenda quod; Officia officia voluptates doloremque Dignissimos''';'''Note: Non sunt; then Quasi et illum neque'''
max_clark_3562;Max Thomson-Clark;9.0;'''Quod quas minus; Similique eum In''';'''Reprehenderit dolorem: Commodi laudantium; Sint consequatur quae itaque'''
russell_may_2564;Russell May;;'''Harum commodi aut; Eligendi rerum tempore adipisci ; Totam cum hic ipsam''';'''Quaerat a: Sed labore commodi iusto; Exercitationem porro saepe nulla neque aut'''
margaret_walsh_1892;Margaret Walsh;89.0;'''Note: Nam quam; then Impedit quae adipisci consequuntur praesentium''';'''(Cumque quo voluptates sed) ; Maxime asperiores harum and Praesentium repellat'''
joyce_parkinson_2037;Joyce Parkinson;82.0;'''Optio est ratione voluptatum id veritatis; A tenetur Autem doloremque''';'''(Rerum odio ducimus deleniti) ; Reprehenderit expedita optio and Nemo'''
maria_bailey_9473;Maria Bailey;46.0;'''Note: Quibusdam sit culpa; then Voluptates ratione iste optio illum''';'''Natus ipsa: Fuga nemo; Neque optio'''
miss_begum_1796;Miss Lorraine Begum;28.0;'''Dolores repudiandae: Molestias; Maiores impedit fugiat''';'''Perferendis vel quasi: Tempore deleniti; Animi sapiente consequuntur'''
ms_wright_5565;Ms Ruth Wright;69.0;'''Perspiciatis unde amet; Voluptas reiciendis nobis corporis ad odio ; Repellendus nemo blanditiis quo''';'''Note: Aut accusantium eligendi facilis; then Repellendus voluptates iure iusto error'''
kathleen_atkins_1607;Kathleen Atkins;1.0;'''Praesentium nemo voluptas: Ipsam corrupti; Consequatur voluptate in porro ea''';'''Amet aliquam id architecto aspernatur; Fugit labore iure temporibus ; Totam vel'''
garry_coleman_4213;Garry Coleman;46.0;'''Recusandae reprehenderit; Aut ducimus nisi ; Veritatis alias delectus consequuntur blanditiis architecto''';'''(Qui dolorum odit sint) ; Dignissimos placeat ad and Delectus omnis'''
mr_stevenson_3756;Mr Stewart Stevenson;75.0;'''Eum doloremque nostrum velit: Nemo fugiat incidunt neque; Nemo impedit''';'''Dolore; Assumenda nihil ; Perspiciatis'''
miss_goodwin_0205;Miss Charlene Goodwin;69.0;'''Ducimus corrupti; Quas ea fugiat est ; A voluptate tenetur perspiciatis repellendus''';'''Note: Consectetur dicta sit non; then Voluptates quas temporibus deserunt cumque'''
mr_byrne_2904;Mr Damian Byrne;15.0;'''Note: Perspiciatis hic; then At dolore fugit cum non''';'''Note: Odio in iure debitis; then Quis'''
lynne_jenkins_1840;Lynne Jenkins;44.0;'''Placeat modi; Incidunt perferendis cumque deleniti voluptatem aspernatur Qui velit itaque''';'''Sapiente deleniti nisi: Inventore neque unde; Tempore debitis ipsum'''
elaine_allen_1949;Elaine Allen;92.0;'''Soluta ipsum id dolores rerum; Officia rem sit atque ; Ducimus iure aperiam voluptatum sapiente''';'''Sit architecto; At ; Laboriosam ex'''
jordan_owen_0852;Jordan Watson-Owen;74.0;'''Note: Voluptates numquam; then Est magni fugit odio''';'''Deserunt iste quos; Placeat possimus veritatis exercitationem ; Nihil porro quaerat'''
ms_evans_2347;Ms Eleanor Evans;95.0;'''Odit est; Veniam nostrum itaque impedit ; Blanditiis similique''';'''Alias aperiam: Perferendis quibusdam odio nam; Eligendi veritatis eum tempore tempore'''
ms_miller_3588;Ms Alexandra Miller;76.0;'''Enim placeat impedit quibusdam culpa impedit dolores; Excepturi commodi ; Unde eveniet''';'''Facilis: Quos non modi; Iusto atque delectus laudantium'''
megan_roberts_1628;Megan Roberts;17.0;'''Voluptatibus optio mollitia commodi beatae: Animi eveniet ipsum; Aperiam reiciendis vitae''';'''(Similique sapiente quos) ; Quasi and Officia esse voluptates'''
ben_smith_8425;Ben Wilkinson-Smith;27.0;'''Note: Nam; then Vel deleniti doloremque''';'''Rerum officiis; Distinctio doloribus laudantium doloremque ; Accusamus incidunt'''
arthur_rees_5457;Arthur Rees;27.0;'''Quibusdam recusandae dicta libero cum inventore; Fugiat consequuntur error accusantium commodi dolor ; Cupiditate natus pariatur ad eius''';'''(Error eveniet iusto dignissimos repellendus) ; Illo ipsa alias and Recusandae ipsam cupiditate ex expedita'''
mr_mitchell_1535;Mr Keith Mitchell;41.0;'''Repellat sit; Asperiores Explicabo repellendus quas itaque deserunt''';'''(Deleniti veniam voluptatum) ; Non quibusdam harum rerum enim necessitatibus and Fugiat nihil nesciunt itaque adipisci'''
elliott_khan_8808;Elliott Khan;56.0;'''Soluta enim corrupti; Ad quisquam ; Quia in''';'''(Nisi repellendus) ; Accusantium possimus minima and Quis quasi'''
rosemary_williams_0825;Rosemary Williams;15.0;'''Rem inventore magnam impedit molestiae soluta; Quod Maxime minus necessitatibus labore''';'''Note: Aperiam; then Ratione in'''
lesley_gallagher_4453;Lesley Gallagher;5.0;'''Vel; Facere eos laudantium placeat Ipsam perspiciatis praesentium''';'''Ea itaque possimus; Neque Quo voluptate illum quisquam eligendi'''
nicholas_george_2594;Nicholas George;25.0;'''(Quisquam) ; Reprehenderit nesciunt veniam and Veniam explicabo''';'''Consequatur; Sit quae Tempora saepe doloremque'''
geoffrey_moore_1498;Geoffrey Owen-Moore;40.0;'''Note: Ullam odit; then Cupiditate officiis optio''';'''Nostrum eos tempora inventore nisi suscipit: Explicabo omnis numquam optio; Maiores'''
donna_mccarthy_9957;Donna McCarthy;14.0;'''Similique dignissimos doloremque; Corporis similique repellendus ; Sapiente ad quos''';'''Consequatur; Corrupti laborum ; Enim amet a'''
dr_pugh_1649;Dr David Pugh;21.0;'''(Tenetur) ; Quam animi and Nostrum''';'''Tenetur id reiciendis natus magnam: Ab; Odit labore'''
miss_johnson_0592;Miss Laura Johnson;52.0;'''Quo nesciunt doloremque; Minima nostrum natus Optio veniam''';'''Ad rem consectetur officiis; Voluptatibus esse deleniti molestiae sed Aliquid'''
katy_reid_9532;Katy Reid;91.0;'''Odit facilis iste; Accusantium blanditiis Delectus dolorem sit''';'''Rem labore neque soluta a animi; Aspernatur voluptatem modi ; Sunt quam'''
miss_patel_9875;Miss Bethany Patel;34.0;'''(Laudantium atque molestias soluta quo culpa) ; Saepe perferendis maiores possimus and Nam pariatur quibusdam''';'''(Inventore repellendus harum) ; Culpa perferendis and Ut provident eum'''
christine_turner_7475;Christine Turner;41.0;'''(Pariatur perferendis voluptates) ; Aliquid voluptatibus amet pariatur consequatur and Ex ullam provident''';'''Corrupti quis impedit; Ut aspernatur Quaerat delectus'''
laura_hutchinson_5281;Laura Hutchinson;77.0;'''(Cum molestiae fugit) ; Explicabo commodi sit and Possimus''';'''Aliquam consectetur assumenda; Sint alias exercitationem Ratione unde'''
rosie_cook_6129;Rosie Cook;78.0;'''Note: Deleniti a eos; then Ipsam cum nostrum dolorem deserunt beatae''';'''Iste nesciunt: Nihil cumque dolores; Eaque commodi'''
dr_palmer_8618;Dr Ashley Palmer;13.0;'''Iure animi consectetur tenetur voluptatibus; Culpa doloribus id fugit ; Nobis occaecati ea cum''';'''Magnam laboriosam quisquam numquam; Animi tenetur tempore error ; Fuga ut'''
dr_griffiths_3319;Dr Mohammed Griffiths;77.0;'''Dolorum natus: Est; Vero omnis''';'''(Sequi necessitatibus ipsum) ; Ex blanditiis tempore laborum veniam and Voluptas ratione vel quaerat sint voluptas'''
ms_bennett_2582;Ms Zoe Bennett;70.0;'''(Dolor quod deleniti) ; Excepturi and Atque incidunt iusto animi voluptates''';'''Note: Enim illo; then Illum eum autem dicta tenetur exercitationem'''
