username;name;salary;age;total_count;message
ellie_kemp_5458;Ellie Kemp;60.0;38.1;54.2;'''(Quod rerum aperiam) ; Culpa distinctio and Perspiciatis illum accusantium'''
jane_hill_9995;Jane Hill;15.0;11.1;24.2;'''Fugit excepturi perspiciatis ab atque; Mollitia error modi molestias Suscipit eligendi enim'''
maria_bates_2143;Maria Bates;52.0;35.1;73.2;'''Note: Aut mollitia; then Culpa repellat culpa reprehenderit similique error'''
shaun_hill_0875;Shaun Kay-Hill;44.0;35.1;85.2;'''(Est) ; Exercitationem iusto aspernatur ab and Beatae quibusdam'''
kathryn_smith_7951;Kathryn Smith;76.0;36.1;95.2;'''Iste: Laborum aliquid; Similique sed'''
ms_roberts_8465;Ms Michelle Roberts;74.0;39.1;;'''Note: Id; then Doloremque possimus voluptates vitae nulla'''
bethan_smith_5233;Bethan Singh-Smith;61.0;100.1;39.2;'''Est nihil illo; Accusamus fuga Velit asperiores molestiae'''
ms_butler_9236;Ms Jill Butler;47.0;;54.2;'''Voluptatibus accusamus veniam dicta: Quisquam; Adipisci rem quaerat'''
grace_parry_8846;Grace Parry;67.0;4.1;35.2;'''Note: Dolores voluptatum assumenda; then Magni accusamus asperiores cumque necessitatibus'''
leon_marshall_7746;Leon Marshall;75.0;76.1;65.2;'''Accusamus libero sit cupiditate: Harum delectus voluptatum nihil architecto; Officiis ratione'''
howard_white_3209;Howard White;38.0;61.1;36.2;'''Magni rem eaque minima: Perferendis eligendi; Sunt eius sunt provident dolorem'''
dr_khan_0131;o;58.0;73.1;97.2;'''Distinctio incidunt sint; Enim velit Blanditiis at eius deleniti'''
trevor_davies_0250;Trevor Davies;8.0;27.1;80.2;'''Rerum similique minima maxime: Facilis; Molestias iure magnam'''
lynda_allen_3898;Lynda Allen;85.0;19.1;63.2;'''Error quas; Et labore rerum at eius eaque Enim odit'''
gavin_cooper_2961;Gavin Bray-Cooper;73.0;79.1;94.2;'''(Et eligendi natus) ; Placeat sint reprehenderit dicta hic and Facere voluptatem'''
colin_rowe_8288;Colin Rowe;4.0;63.1;44.2;'''Note: Illum at; then Odit'''
miss_davies_5562;Miss Marian Davies;90.0;59.1;64.2;'''(Qui doloremque eos minima culpa earum) ; Beatae et quisquam facilis quasi and Nemo omnis accusantium sapiente'''
mohammed_andrews_4105;Mohammed Andrews;19.0;4.1;42.2;'''(Doloribus ipsa) ; Illum nulla aliquid and Reiciendis nihil velit'''
mr_smart_6225;Mr Stuart Smart;43.0;3.1;68.2;'''Libero voluptatum animi magnam; Voluptates iure ; Ea blanditiis accusamus'''
toby_lewis_7822;Toby Lewis;51.0;79.1;39.2;'''Saepe occaecati; Aperiam ratione adipisci illo sit ullam Consequatur labore officiis'''
pauline_green_9140;Pauline Green;63.0;16.1;99.2;'''Debitis nihil; Itaque saepe vel ; Neque tempore'''
mr_dickinson_1127;Mr Darren Dickinson;81.0;83.1;68.2;'''Iure: Reiciendis doloremque numquam fugit consequuntur error; Ratione qui'''
ashleigh_lloyd_9883;Ashleigh Lloyd;99.0;72.1;80.2;'''Enim iure: Quod molestias praesentium suscipit vitae exercitationem; Fugiat eligendi'''
carly_russell_1177;Carly Russell;;25.1;6.2;'''Note: Laudantium enim; then Labore deleniti'''
carolyn_hooper_5230;Carolyn Bailey-Hooper;45.0;78.1;79.2;'''Est omnis; Iure fugit repudiandae aut Placeat similique nemo aliquid'''
rosie_john_4305;Rosie John;33.0;62.1;52.2;'''Minus atque veniam aperiam; Beatae culpa fugit ; Nisi'''
maria_jackson_2300;Maria Jackson;83.0;6.1;4.2;'''(Placeat repellat unde) ; Ducimus voluptates and Tempore ex autem'''
elliot_johnston_3311;Elliot Johnston;72.0;40.1;86.2;'''Note: Repellendus sequi reprehenderit est; then Velit'''
neil_ball_1829;Neil Ball;49.0;38.1;29.2;'''Aliquid quaerat provident; Omnis aspernatur optio ; Iure asperiores'''
graham_robson_2361;Graham Robson;26.0;53.1;76.2;'''Note: Cupiditate cum; then Temporibus rerum'''
sally_bryant_2293;Sally Bryant;78.0;94.1;18.2;'''In temporibus; Soluta rerum eligendi Natus beatae'''
dr_cooper_6955;Dr Cameron Cooper;51.0;77.1;12.2;'''(Modi iusto delectus libero) ; Est consectetur quaerat commodi recusandae and Blanditiis explicabo'''
