name;username;salary;summary
Catherine Butler;catherine_butler_7766;78.0;"""Consequuntur: Culpa dolore itaque nesciunt accusamus; Voluptas autem"""
Dr Jeffrey Moran;dr_moran_7419;72.0;"""Note: Maiores adipisci sunt; then Beatae et facere laborum quidem"""
Dr Justin Robinson;dr_robinson_4036;84.0;"""Note: Enim est repellat; then Cumque autem aliquam"""
Mrs Susan Hill;mrs_hill_5088;;"""Occaecati facilis; Deleniti dolorum praesentium dolore Dolores iure facilis molestiae molestiae aliquid"""
Karl Harris-Thompson;karl_thompson_9727;50.0;"""Consectetur aliquid necessitatibus perspiciatis; Accusantium architecto Eum tenetur"""
l;vanessa_miles_9553;14.0;"""Ad alias ad; Tenetur placeat ; Sit sit"""
Mr Elliott Clark;mr_clark_3781;34.0;"""Note: Culpa reiciendis; then Sunt excepturi ducimus"""
Miss Jill Ashton;miss_ashton_6500;97.0;"""Atque illo; Illum voluptate cupiditate doloribus ; Laborum consectetur mollitia dolore aliquam provident"""
Georgina Payne;georgina_payne_0367;33.0;"""Quod: Veritatis velit; Totam corrupti sapiente ea corporis vel"""
Dr Jeffrey Stevens;dr_stevens_2987;58.0;"""Veritatis saepe; Id sunt asperiores vel rem tempore ; Esse inventore architecto tempora"""
Bethany Bailey-Stewart;bethany_stewart_8314;28.0;"""Ratione ab quod: Consequuntur alias; Dignissimos laboriosam occaecati vitae"""
Dr Rebecca Hussain;dr_hussain_3064;69.0;"""Deserunt reprehenderit saepe; Magni Distinctio eius laudantium fuga"""
Diana Green-Birch;diana_birch_8769;42.0;"""(Labore fugiat aspernatur) ; Id ipsam and Sint a numquam iusto"""
Rosie Wong;rosie_wong_5597;87.0;"""Perferendis ipsum: Excepturi ipsa itaque; Accusamus laborum quidem"""
Fiona Peacock;fiona_peacock_9983;92.0;"""Note: Eum quaerat culpa dicta dolorum quo; then Nobis quaerat dolore reprehenderit"""
Mr Malcolm Ward;mr_ward_7572;23.0;"""Placeat quo eligendi quod; Sunt iste tempora nisi mollitia ; Quasi dolores provident soluta ut nam"""
Kim Holland;kim_holland_3165;77.0;"""Sapiente ipsa provident: Perspiciatis deserunt neque repudiandae accusantium; Corrupti vitae"""
Robin Chapman;robin_chapman_5895;69.0;"""Non eos nemo doloribus mollitia; Nesciunt natus reiciendis Esse"""
Mohamed Brooks-Hill;mohamed_hill_8126;36.0;"""(Debitis non voluptatibus) ; Praesentium perspiciatis and Nobis odit"""
Rosie Robinson;rosie_robinson_0006;12.0;"""(Autem sunt) ; Totam quidem commodi consequuntur et quia architecto and Quam quia nam"""
Hugh Smith;hugh_smith_1832;91.0;"""(Suscipit) ; Adipisci and Veniam dolor inventore fugiat"""
