name	username	rating	score	review	message
Bryan Knight	bryan_knight_6786	98.0	1.1	'''Dignissimos maxime dolore maiores; Accusantium odit consequuntur mollitia 	 Veniam'''	'''Note: Aliquid	 then Sequi porro eius'''
Mrs Lesley Lee	mrs_lee_2911	22.0	89.1	'''Necessitatibus doloremque accusantium cum: Minima veniam	 Optio animi'''	'''Consectetur sit: Eum rerum quidem fuga eaque	 Enim'''
Mrs Josephine North	mrs_north_1891	71.0	4.1	'''Tempora labore dolores beatae: Consectetur ut dignissimos	 Reprehenderit atque'''	'''(Debitis) 	 Assumenda recusandae magnam and Officiis nihil accusantium labore'''
Dr Simon Edwards	dr_edwards_8154	78.0	5.1	'''Note: Facilis eos eligendi	 then Debitis quidem'''	'''(Sint quis perspiciatis explicabo consequatur blanditiis) 	 Minus nobis vitae and Debitis exercitationem culpa laborum'''
Sylvia Bartlett-Brown	sylvia_brown_9476	51.0	88.1	'''Facilis voluptatibus corrupti adipisci quos; Distinctio ullam voluptatem 	 Odio non neque odit placeat'''	'''Praesentium ipsa: Nihil nam voluptas	 Officiis vel sit quod quod est'''
A	mr_phillips_7831	32.0	8.1	'''Hic; Facere neque modi temporibus 	 Rerum aliquid itaque'''	'''Accusantium assumenda	 Vitae numquam Blanditiis sit nesciunt provident'''
Clare Holland	clare_holland_6726	80.0	52.1	'''(Reprehenderit) 	 Nobis quasi and Maiores est harum'''	'''Autem: Voluptatum accusamus harum	 Consequuntur quibusdam'''
Lesley North	lesley_north_0242	64.0	28.1	'''Note: Dignissimos eaque	 then In harum'''	'''Note: Itaque	 then Delectus sint reiciendis'''
Francesca Roberts	francesca_roberts_2655	72.0	38.1	'''Accusamus ut deleniti tempore	 Necessitatibus harum veritatis at Quos dolor aliquid'''	'''Quod consequuntur: Eligendi saepe	 Nulla qui eum ex'''
Victoria Thomas-Storey	victoria_storey_9322	59.0		'''Accusantium tenetur amet: Totam nulla nobis	 Ab ullam ea odit'''	'''Note: Illo laborum dignissimos dicta culpa	 then Adipisci'''
Keith Dickinson	keith_dickinson_4805	13.0	32.1	'''Nulla nisi minima adipisci distinctio: Sint sit veritatis	 Odio error corporis'''	'''Aut; Sapiente minima unde 	 Et tenetur nam quae est'''
Miss Kim Thomas	miss_thomas_5218	40.0	62.1	'''Note: Dignissimos	 then In asperiores laboriosam pariatur aliquid velit'''	'''Quo deserunt ipsa	 Recusandae nihil Architecto maiores a explicabo'''
Donna Howard	donna_howard_9310	24.0	89.1	'''Dignissimos corrupti: Perferendis soluta	 Labore'''	'''Itaque vitae repudiandae; Asperiores 	 Ipsa repellat reiciendis'''
Kyle Short	kyle_short_7056	68.0	19.1	'''Note: Soluta temporibus id voluptate labore	 then Inventore'''	'''Note: Maiores	 then Voluptatibus'''
Ms Tracy Sims	ms_sims_9171	56.0	67.1	'''Laudantium maiores	 Beatae quaerat excepturi Est debitis odio'''	'''(At deleniti) 	 Numquam aliquid sunt and Dignissimos ea'''
Miss Amber Burgess	miss_burgess_5589	93.0	3.1	'''Note: Nostrum voluptatum	 then Dicta reiciendis omnis eaque error'''	'''Note: Non hic	 then Earum illum ut facilis'''
Brett Cole	brett_cole_1990	36.0	16.1	'''Note: Architecto possimus	 then Magnam'''	'''(Ab sit) 	 Praesentium vitae quisquam minus dicta and Laborum magnam necessitatibus est'''
Nathan Gardiner	nathan_gardiner_5505	80.0	48.1	'''(Qui itaque) 	 Hic dolores and Ipsa'''	'''Impedit facere tempore inventore nisi officiis	 Voluptas error odio molestiae Optio illo iure impedit voluptates quae'''
Joseph Dawson	joseph_dawson_6599	89.0	42.1	'''Molestiae: Molestias pariatur	 Iusto earum odit corrupti modi'''	'''Provident itaque tempore	 Quis nulla nam nesciunt saepe Odit dignissimos eligendi'''
Diane Charlton	diane_charlton_3846	12.0	71.1	'''(Aliquid voluptatem repudiandae aut) 	 Quisquam voluptate soluta voluptates saepe eos and Praesentium quod molestias veniam eligendi'''	'''Similique atque animi quas fugit	 Harum dicta magni veniam Saepe'''
Antony Moore	antony_moore_7844	54.0	95.1	'''Note: Non vero numquam voluptatem	 then Aliquid'''	'''Illo velit fugit: Suscipit velit harum vitae voluptate	 Vitae non'''
Ashley Wilson-Walker	ashley_walker_0013	12.0	86.1	'''(Adipisci) 	 Odit quis labore and Blanditiis necessitatibus beatae'''	'''Note: Velit facere	 then Voluptatibus'''
Ms Kerry Wood	ms_wood_6015		2.1	'''Dolor error quaerat debitis: Cumque animi animi	 Ab blanditiis'''	'''Note: Sit quibusdam voluptatum	 then Quo in odit perspiciatis rerum'''
Lynne Bennett	lynne_bennett_3589	44.0	50.1	'''Note: Molestiae tempora distinctio commodi dolorem	 then Accusantium eligendi quo hic dolore fugit culpa'''	'''Note: Voluptates sint adipisci	 then Maiores nihil numquam'''
Alex Bennett	alex_bennett_1164	71.0	5.1	'''Note: Non magnam ullam	 then Reprehenderit quas molestiae'''	'''Labore iure atque; Vero quibusdam consequuntur in 	 Iure molestias explicabo unde consequuntur'''
Tom Gibbs	tom_gibbs_2668	79.0	7.1	'''Note: Maiores	 then In ad'''	'''Tempora; Quisquam at aliquam veritatis 	 Porro nesciunt'''
Bernard Gray	bernard_gray_3254	11.0	47.1	'''(Maiores) 	 Doloribus voluptas harum rerum dolores and Modi voluptatibus quasi'''	'''(Ipsam nostrum minus quia accusantium) 	 Dicta nam and Dolorem perspiciatis sint ullam reiciendis distinctio'''
Abdul Collins	abdul_collins_1608	68.0	26.1	'''Provident totam facere quo; Nihil libero itaque 	 Adipisci'''	'''Dolorem nam ex	 Doloremque perspiciatis voluptatum ratione Molestiae similique dolor'''
Leon Evans	leon_evans_4348	52.0	72.1	'''Sunt nisi	 Consequatur delectus sequi maxime Alias aliquid labore'''	'''Omnis doloremque quod eaque voluptates; Repellat voluptatibus 	 Soluta'''
Cheryl Chapman	cheryl_chapman_9003	65.0	90.1	'''Porro quasi blanditiis; Culpa accusantium 	 Voluptates eum'''	'''Reiciendis vitae iure nobis a veniam	 Eius Dolorum aliquam a'''
Ms Jill Robinson	ms_robinson_7688	49.0	34.1	'''Dolorem mollitia ad nam	 Maiores suscipit Sed nobis veniam consectetur'''	'''(Facilis inventore unde laboriosam) 	 A ipsum quam quis and Magni magnam beatae'''
Paula Roberts	paula_roberts_5070	89.0	13.1	'''Note: Ratione	 then Corrupti'''	'''Ut repellendus	 Dolores nulla Quia illum'''
Jenna Bruce	jenna_bruce_2797	97.0	77.1	'''Minus error error; Libero 	 Quas doloribus tempora'''	'''(Aperiam) 	 Dolorem and Pariatur'''
Dr Thomas Parker	dr_parker_8833	52.0	17.1	'''Rem suscipit accusamus: Sit quod	 Assumenda quasi'''	'''(Tempora officiis) 	 Omnis sit veniam consectetur and Quidem aliquid est mollitia ipsa'''
Ashley Hammond	ashley_hammond_7357	1.0	23.1	'''Fuga officiis dicta; Voluptatum corrupti maiores 	 Magni soluta sapiente neque'''	'''Nobis reiciendis officia dolor: Repudiandae similique esse	 Necessitatibus id'''
Dr Marcus Jordan	dr_jordan_7173	11.0	7.1	'''Optio dolore deserunt sint dolorem	 Voluptatibus mollitia Ipsa'''	'''Note: Iure quae molestiae	 then Reiciendis nulla eos'''
Paige Perry	paige_perry_5048	28.0	80.1	'''Placeat eum placeat	 Rerum mollitia Excepturi illum'''	'''Incidunt esse et quas	 Blanditiis Cum consectetur est a'''
