username;name;age;salary;description;summary
katy_morgan_2018;Katy Morgan;29.0;62.1;'''Note: Distinctio veritatis earum possimus beatae; then Fugit''';'''(Porro ipsum nobis temporibus rerum natus) ; Maiores and Officiis nam atque adipisci voluptates quibusdam'''
rosemary_gibson_7504;Rosemary Hayes-Gibson;37.0;82.1;'''Note: Officia nisi; then Possimus earum''';'''Unde a error; Unde quam Eaque totam'''
jeremy_connor_3603;Jeremy Jones-Connor;56.0;63.1;'''Nostrum porro numquam vero; Corrupti necessitatibus asperiores veritatis dolore nostrum ; Libero maiores saepe deserunt dolorem''';'''Vitae expedita quos: Aperiam qui; Cumque autem'''
ms_todd_8779;Ms Christine Todd;57.0;47.1;'''Fuga deserunt quam vero labore vel; Atque minus eveniet maiores ducimus Voluptatibus''';'''(Laboriosam optio labore aliquid accusamus) ; Ex and Illum sunt aliquid qui'''
eleanor_lloyd_7344;Eleanor Lloyd;36.0;14.1;'''Tenetur amet; Nihil ipsa Architecto vel''';'''Maxime id accusantium nemo: Natus quod; Tempore provident'''
melissa_sanders_6335;Melissa Dodd-Sanders;3.0;84.1;'''Minus; Occaecati ; Dicta''';'''(Facilis neque accusamus) ; Eos provident ullam quas nihil and Voluptatibus architecto aperiam cum amet'''
lisa_clayton_9260;Lisa Jones-Clayton;28.0;26.1;'''Note: Nesciunt; then Dolores''';'''Note: Tempore error; then Sint rerum veniam iste ex'''
dr_arnold_5916;Dr Glen Arnold;71.0;13.1;'''Note: Delectus reiciendis libero voluptatem; then Corporis esse debitis''';'''Alias libero: Dolorum molestias quod doloribus voluptatum consectetur; Corrupti quasi exercitationem aut'''
patricia_cook_1849;Patricia Cook;83.0;10.1;'''Dolore quam; Dolore vitae ; Numquam''';'''Veniam consequatur; Aut libero Voluptate aliquid'''
suzanne_north_3899;Suzanne North;1.0;80.1;'''Nam error; Quas omnis est ; In''';'''(Laudantium delectus minus) ; Quam non and Iure quo doloremque neque'''
dr_norris_3047;Dr Owen Norris;44.0;95.1;'''Consectetur ducimus rem: Fugit dicta itaque pariatur explicabo sunt; Ipsam possimus voluptatibus voluptas expedita aliquam''';'''Similique rem repudiandae: Fuga doloremque porro totam quae iusto; Aliquid tempora'''
carolyn_ahmed_5253;Carolyn Long-Ahmed;1.0;77.1;'''Dolores dolore tempore magni nobis: Nulla esse molestias; Fuga veritatis''';'''Quo quas; Rerum Enim minus facere'''
abigail_norman_5579;Abigail Norman;17.0;74.1;'''Note: Minus commodi molestiae nulla; then Delectus eum excepturi nemo nobis nulla''';'''(Illum voluptates) ; Consequuntur fugit rem and Dolorem reprehenderit repellat'''
mrs_holmes_5014;Mrs Catherine Holmes;;13.1;'''Labore: Ipsam error rerum dolorum; Alias''';'''Quibusdam iusto reprehenderit reprehenderit: Iusto natus; Soluta odit ad mollitia'''
ronald_jones_7365;Ronald Jones;94.0;7.1;'''Fugiat cumque at: Minima amet; Architecto animi''';'''(Inventore suscipit voluptatem) ; Ipsum asperiores and Maiores quas aliquam'''
dr_page_1046;Dr Sally Page;65.0;29.1;'''Note: Unde quisquam dolorum delectus magnam iste; then Dolores perferendis''';'''Quas reprehenderit natus; Assumenda in facere Dolores commodi voluptate'''
dr_burrows_1913;Dr Joan Burrows;4.0;21.1;'''A hic; Molestiae aperiam iure sint quam sed ; Deleniti''';'''Note: Fuga; then Vitae quae'''
nathan_barton_2623;Nathan Barton;24.0;10.1;'''(Veniam sapiente) ; Incidunt and A veniam''';'''Aut nulla voluptas; Dolores a veniam ; Pariatur praesentium id error'''
karen_nash_7970;Karen Nash;48.0;98.1;'''Nemo eaque itaque; Repudiandae nihil ; Mollitia ratione reprehenderit''';'''Voluptas maxime sed nobis quidem; Voluptate nisi Facilis temporibus nobis aspernatur'''
ian_kaur_2875;Ian Kaur;8.0;91.1;'''(Quisquam eos itaque delectus asperiores) ; Voluptas adipisci and Molestiae itaque doloribus''';'''Corrupti asperiores incidunt animi ut ducimus: Blanditiis pariatur sapiente perspiciatis eum porro; Harum'''
connor_chapman_2391;Connor Chapman;16.0;40.1;'''Itaque aspernatur labore unde; Veritatis consectetur Incidunt cupiditate''';'''Note: Rem commodi libero impedit fugiat; then Quam sunt'''
tony_mahmood_5204;Tony Mahmood;28.0;;'''(Unde quo quia tempore) ; Culpa est animi and Officiis cumque cupiditate''';'''Cumque excepturi quaerat; Qui omnis ; Ea velit laudantium aut'''
simon_wood_7400;Simon Wood-Wood;21.0;71.1;'''Quae aliquam suscipit; Possimus hic ; Nam veniam''';'''Note: Sequi facilis rem optio omnis quod; then Consectetur voluptas eaque blanditiis'''
georgina_chamberlain_6372;Georgina Chamberlain;54.0;62.1;'''Note: Inventore veritatis omnis; then Minima''';'''Optio: Eaque fugit; Ratione impedit'''
christian_johnson_0828; ;8.0;91.1;'''Voluptatibus numquam debitis animi voluptatibus; Modi deleniti Culpa consequatur odit ut impedit''';'''(Ab id consectetur) ; Vitae iste and Deleniti voluptatibus consequatur'''
dr_leonard_8998;Dr Cameron Leonard;54.0;73.1;'''Sed vel ipsam accusantium ullam; Commodi dolore nesciunt totam doloremque ; Quidem omnis deleniti voluptas officia''';'''Labore similique; Fugit ea ; Aliquam earum'''
gavin_patterson_3167;Gavin Patterson;33.0;42.1;'''Ad ipsum: Itaque officiis; Facilis voluptas sed doloremque quo''';'''Numquam distinctio voluptate; Voluptatum corrupti nisi ; Nesciunt beatae unde'''
mohammad_johnston_1986;Mohammad Johnston;2.0;26.1;'''Vel: Numquam corrupti perspiciatis ducimus quasi iure; Sit impedit libero debitis''';'''Nesciunt atque aut: Iste consectetur porro; Cum voluptatem'''
carl_thomson_6615;Carl Baxter-Thomson;99.0;28.1;'''Nihil; Eveniet at Quae veritatis blanditiis repudiandae quidem sint''';'''Minima quaerat dicta neque odit; Temporibus magnam Minima quibusdam'''
rachel_king_2663;Rachel King;94.0;54.1;'''Quaerat doloribus fuga dignissimos in rem: A odit ex quod est harum; Vel pariatur''';'''(Quod ut dignissimos) ; Veniam nostrum and Earum rerum molestias temporibus'''
gerald_hawkins_3692;Gerald Hawkins;38.0;39.1;'''(Quam unde) ; Dolore and Consequatur ipsam itaque odio adipisci''';'''Nam consequuntur inventore corporis est; Nesciunt corporis atque labore Pariatur repellendus'''
rebecca_coates_0107;Rebecca Coates;26.0;58.1;'''Ducimus vel hic quo eligendi aliquam; Ipsum voluptatem assumenda suscipit ; Voluptas esse laborum''';'''Assumenda reprehenderit consequuntur nihil: Distinctio temporibus; Facilis'''
richard_black_8742;Richard Richardson-Black;30.0;18.1;'''Impedit tenetur beatae; Ea pariatur aspernatur iste iusto Possimus sunt nostrum''';'''Maiores voluptates: Cumque qui laudantium deleniti; Dolorem iste'''
andrew_macdonald_5052;Andrew Macdonald;35.0;7.1;'''Note: At labore doloremque a; then Id accusantium''';'''Note: Quas sapiente maiores; then Culpa at'''
