name;total_count;score;rating;summary
Dr Zoe Robinson;;72.1;46.2;'''Maiores blanditiis; Voluptates occaecati error adipisci ; Rerum'''
Mr Ben Phillips;96.0;24.1;7.2;'''Libero ut maxime voluptates; Nulla voluptatum amet dicta blanditiis ; Deserunt provident ex eos'''
Samuel Hunter;58.0;53.1;75.2;'''(Assumenda quis) ; Iure consectetur repellat incidunt sit and Laborum aliquid reprehenderit dolor tenetur ipsa'''
Sara Hewitt;40.0;80.1;99.2;'''Veniam modi ducimus aliquid; Officiis repellendus ; Ipsa pariatur ad quam'''
Tracey Forster;8.0;87.1;14.2;'''Note: Veniam qui accusamus provident est quisquam; then Laboriosam modi consequuntur'''
Clare Pritchard;18.0;;7.2;'''Iure neque voluptatem fugiat consequatur repellat; Neque commodi ; Mollitia eaque recusandae laborum'''
Anthony Willis;91.0;41.1;82.2;'''Dolorum rem porro eius reiciendis commodi: Eaque ipsam earum; Et'''
Abigail Bond-Griffin;14.0;21.1;58.2;'''Nesciunt quisquam: Voluptas quasi sapiente quidem aliquid dolor; Fugit blanditiis corporis'''
Deborah Reynolds;79.0;82.1;68.2;'''Note: Quis; then Optio excepturi'''
Carole Carey-Francis;40.0;73.1;29.2;'''(Incidunt nulla laudantium est nisi voluptate) ; Corporis ratione fuga illo and Vitae vel quas deleniti'''
Nicola Clarke;80.0;10.1;43.2;'''Fugit voluptatem incidunt earum velit corrupti; Porro fuga ; Magnam illo'''
Trevor Rogers;93.0;65.1;21.2;'''Culpa quod; Quos labore deserunt distinctio Laborum repudiandae'''
Jake Oliver;76.0;16.1;47.2;'''Note: Fugiat ducimus iusto occaecati; then Recusandae consequuntur repellat modi fuga'''
'Liam Stephenson-O''Neill';68.0;8.1;15.2;'''Sit aliquam sapiente: A quia; Adipisci deleniti eos consequuntur aliquam'''
Mrs Nicole Chapman;38.0;44.1;93.2;'''Corporis; Laborum sint velit Sunt nihil assumenda dignissimos'''
Mr John Hodgson;59.0;57.1;36.2;'''Tenetur deserunt quidem modi tenetur; Cupiditate culpa corrupti ; Asperiores sapiente repellendus modi'''
Dr Geoffrey Duncan;31.0;38.1;;'''Sequi; Nemo omnis reprehenderit ; Sapiente quisquam veritatis repellat'''
Annette Jones;79.0;7.1;31.2;'''Note: Aliquam aperiam natus est temporibus eaque; then Sit magnam quis est accusantium'''
Ms Jane Wilson;2.0;47.1;51.2;'''Note: Sit omnis; then Tempore'''
Dr Katherine Taylor;47.0;76.1;77.2;'''Totam quos totam; Dolor commodi neque dolor eos nihil Neque sed porro minus laudantium asperiores'''
Dr Emma Lamb;74.0;33.1;49.2;'''Note: Laudantium aliquid; then Non nihil quos ratione repudiandae alias'''
 ;62.0;78.1;98.2;'''(Deserunt nesciunt voluptatibus) ; Unde and Incidunt'''
Marie Harper;74.0;7.1;29.2;'''Totam: Numquam deleniti deleniti; Asperiores'''
