username	name	salary	remark
bruce_parker_3890	Bruce Johnson-Parker	66.0	'''Corrupti	 Itaque impedit Eveniet illum fugiat'''
ms_lawrence_7327	Ms Cheryl Lawrence	70.0	'''Facere repudiandae hic laborum: Aspernatur	 Dolor vitae quod'''
jill_russell_2085	A		'''Atque et quo; Quam cumque laudantium 	 Placeat error dolore repudiandae ab'''
marian_brown_3282	Marian Brown	97.0	'''Hic laboriosam: Enim possimus voluptas	 Tempora ducimus'''
dr_kaur_2014	Dr Bethan Kaur	98.0	'''Magni	 Delectus magni placeat Voluptas quod'''
dr_williams_2953	Dr Abdul Williams	37.0	'''Maxime officia: Eligendi temporibus soluta facere laborum	 Hic esse'''
clive_schofield_7399	Clive Schofield	61.0	'''Est nostrum: Omnis quae	 Cupiditate ratione ullam velit unde'''
danielle_wood_1115	Danielle Wood	97.0	'''Qui fuga	 Facere soluta Maiores quasi qui eligendi nesciunt'''
michelle_birch_7267	Michelle Birch	72.0	'''Sequi architecto eaque et	 Alias repellat Aliquam ipsam similique pariatur odio'''
natalie_jones_1811	Natalie Jones	17.0	'''Nostrum magni vel	 Nam debitis dignissimos Aliquam sequi sapiente minus dolore'''
mr_cooper_4960	Mr Colin Cooper	2.0	'''Nisi alias labore	 Vero esse Ut distinctio enim asperiores'''
zoe_barton_6793	Zoe Barton	49.0	'''Similique	 Ea Aliquam'''
donald_davies_6549	Donald Davies	98.0	'''Note: Adipisci quasi iure sapiente	 then Itaque sit placeat'''
debra_taylor_8605	Debra Taylor	49.0	'''(Corporis explicabo pariatur) 	 Assumenda possimus and Doloremque id blanditiis dicta'''
carolyn_griffin_5081	Carolyn Griffin	75.0	'''Tenetur	 Sunt sit delectus Modi culpa'''
mr_smith_2157	Mr Henry Smith	9.0	'''(Officiis porro praesentium magni) 	 Repellendus eius similique autem and Sint consectetur ipsum perspiciatis'''
abigail_wallace_4804	Abigail Wallace	67.0	'''(Porro quo laboriosam tempore) 	 Ullam beatae and Officia quia'''
joanne_patterson_4908	Joanne Patterson	55.0	'''Note: Atque ipsa expedita natus beatae	 then Placeat dolorum quaerat'''
dr_nicholls_6219	Dr Simon Nicholls	19.0	'''(Laudantium cum voluptate voluptate iste) 	 Totam and Eaque fugiat'''
dr_goodwin_6331	Dr Toby Goodwin	34.0	'''Asperiores cum velit facilis: Totam alias totam reiciendis mollitia sint	 Soluta omnis libero'''
stewart_jones_2994	Stewart Hall-Jones	26.0	'''Minus: Vitae laudantium sapiente	 Inventore veritatis'''
shaun_neill_0811	'Shaun O''Neill'	20.0	'''(Deleniti) 	 Consequatur cum impedit modi and Et quo possimus'''
abdul_page_7900	Abdul Page	72.0	'''Doloremque odit sunt eaque ipsam; Corrupti magni occaecati neque 	 Recusandae libero'''
terry_barker_4313	Terry Norris-Barker	9.0	'''(Fugit rem) 	 Dolor ducimus itaque autem distinctio and Facilis earum repudiandae saepe doloremque'''
michelle_bradshaw_8987	Michelle Bradshaw	69.0	'''Consequatur veritatis	 Maxime consequuntur veritatis eius Dolor expedita necessitatibus quisquam'''
toby_dean_2014	Toby Dean	85.0	'''Cum culpa soluta; Repudiandae aliquid 	 Quod quas'''
caroline_lewis_2309	Caroline Lewis	66.0	'''Note: Quidem	 then Blanditiis culpa'''
dr_bennett_6322	Dr Maurice Bennett	47.0	'''Minima cumque expedita; Ad 	 Recusandae delectus iusto alias'''
sally_mills_1235	Sally Mills	64.0	'''Note: Veniam officiis	 then Eos sapiente'''
harriet_taylor_3401	Harriet Patel-Taylor	18.0	'''Quo labore	 Molestias Nemo dicta ratione veritatis'''
ms_johnson_9743	Ms Gillian Johnson	35.0	'''Aspernatur optio libero: Maiores	 Nihil id'''
ms_blake_3579	Ms Diane Blake	76.0	'''Necessitatibus repellat eligendi dolor modi: Quos eos	 Alias'''
sylvia_shepherd_3946	Sylvia Shepherd	51.0	'''Ex deserunt: Qui aperiam voluptate quam	 Mollitia cumque'''
dr_vaughan_2343	Dr Francesca Vaughan	32.0	'''Voluptatibus eveniet veniam sunt ut: Ducimus dolorum qui	 Distinctio'''
mr_johnson_1745	Mr Trevor Johnson	39.0	'''Vel expedita accusantium eaque porro maxime; Autem ipsa tempore 	 Ipsam tempore'''
mr_richards_2617	Mr Keith Richards	91.0	'''Est laborum est pariatur: A excepturi occaecati consectetur	 Eaque distinctio ducimus fuga'''
ann_owen_1625	Ann Hall-Owen	16.0	'''Note: Neque enim	 then Corporis asperiores sapiente'''
barbara_hawkins_1392	Barbara Richardson-Hawkins	6.0	'''Possimus ut ex libero quibusdam	 Ad dolore Distinctio nesciunt odio sit'''
jayne_lawrence_7799	Jayne Lawrence	10.0	'''Ea corporis corrupti labore eius: Explicabo officiis	 Animi eum reprehenderit neque labore earum'''
marion_taylor_8828	Marion Taylor	57.0	'''Note: Maiores in	 then Id'''
charlene_page_9637	Charlene Page	12.0	'''Accusantium animi	 Distinctio neque dignissimos Dolor quasi'''
dr_carroll_7566	Dr Dylan Carroll	9.0	'''Debitis earum	 Dolores Nobis accusantium quaerat recusandae'''
alan_grant_8033	Alan Grant	73.0	'''Note: Quasi adipisci asperiores voluptatum	 then Accusamus'''
