name	username	price	salary	remark
Julie Johnson	julie_johnson_5579	55.0	67.1	'''Illo: Nulla facere nam consequuntur	 Vitae blanditiis quos quod'''
Dr Martin Burns	dr_burns_0612	38.0	19.1	'''Accusamus blanditiis magni: Id quis accusantium tenetur accusamus	 Quis error'''
Megan Ahmed-Booth	megan_booth_3938	88.0	18.1	'''Voluptas; Sapiente dignissimos animi accusamus aperiam 	 Saepe iste in blanditiis'''
Dr Paige Gallagher	dr_gallagher_9207	85.0	17.1	'''Fugiat fugit suscipit porro debitis odit aperiam	 Id non Consequatur modi quam cumque'''
Elliott Connor	elliott_connor_9669	95.0	50.1	'''Sed: Dolorum nisi	 Delectus'''
Jessica Thomas	jessica_thomas_9505	42.0	68.1	'''(Alias fuga nostrum) 	 Quidem and Quos vero dolores fugiat'''
Louise Benson	louise_benson_3941	32.0	1.1	'''Beatae expedita: Quis quisquam	 Quibusdam veritatis at'''
Amelia Roberts-Carter	amelia_carter_4270	87.0	91.1	'''Quia; Cum facilis non impedit quo 	 Impedit rem'''
Ian Walker-Jones	ian_jones_8172	65.0	5.1	'''Note: Dolores explicabo pariatur	 then Molestias rem saepe et eius facere nemo'''
Dr Kerry Fisher	dr_fisher_4248	75.0	38.1	'''Perspiciatis unde: Accusantium animi itaque	 Facere animi fugiat porro dolor'''
Glenn Heath	glenn_heath_6000	34.0	43.1	'''Temporibus magni ipsa odit omnis magnam; Eligendi 	 Velit'''
Sara Naylor	sara_naylor_8820	18.0	27.1	'''Vitae doloribus vero possimus	 Consequuntur dolor Mollitia voluptates'''
Mr Terry Knowles	mr_knowles_9142	40.0	60.1	'''Maxime dolor; Aut in minus in harum 	 Quod reiciendis'''
Brenda Buckley	brenda_buckley_3694	97.0	42.1	'''Aut cumque quisquam: Dolorem reiciendis temporibus nostrum	 Beatae culpa aliquam voluptatem'''
Donald Webb	donald_webb_3554	31.0	6.1	'''Note: Nesciunt deserunt a quia amet laudantium	 then Recusandae voluptate'''
Billy Green	billy_green_4764	13.0	54.1	'''(Aliquid sapiente sapiente) 	 Porro alias tempora natus and Fuga molestias'''
Stanley Lewis	stanley_lewis_6281	51.0	9.1	'''Note: Laboriosam eum maiores omnis at	 then Optio cumque doloremque'''
'Mrs Ashleigh O''Brien'	mrs_brien_0869	58.0	98.1	'''(Officia odio) 	 Architecto dolorum and Amet et'''
Brenda Holland	brenda_holland_7011		86.1	'''Note: Accusamus corrupti id similique	 then Explicabo aliquid'''
Miss Maureen Jones	miss_jones_4327	33.0	38.1	'''Note: Mollitia quas	 then Occaecati libero'''
Gemma Clark	gemma_clark_6825	26.0	31.1	'''Repellat expedita; Molestiae esse harum libero 	 Tempora beatae perspiciatis'''
Annette Brennan	annette_brennan_2990	37.0	19.1	'''Note: Velit veritatis odio alias	 then Provident nesciunt nesciunt'''
Mr Bernard Newman	mr_newman_8158	99.0	69.1	'''Non voluptas fugit	 Repellendus saepe vero earum Dolorem provident corporis'''
Christian Scott	christian_scott_8512	70.0	74.1	'''(Iure quidem animi placeat) 	 Animi quibusdam aut and Hic laboriosam ad quidem'''
Robert Cooper	robert_cooper_9464	88.0	40.1	'''Harum sequi eveniet ipsa debitis magni; Consequuntur suscipit eos 	 Voluptatem vero saepe placeat eos'''
Angela Long	angela_long_3449	4.0	49.1	'''Note: Voluptates culpa voluptatum nulla	 then Minus modi modi'''
Janice Butcher	janice_butcher_5949	49.0	62.1	'''Odit laborum dolorum	 Ad vel esse Vero incidunt'''
Mr Louis Green	mr_green_7307	42.0	92.1	'''Corporis eos nam	 Odit occaecati nisi perferendis aliquam Ab laudantium'''
Ms Kathleen Morgan	ms_morgan_1890	21.0	51.1	'''Unde ipsum magni aliquam: Minus odio beatae rerum ducimus dolore	 Rerum repellat laborum vitae'''
Dr Conor Owen	dr_owen_9151	87.0	75.1	'''Rerum iure: Modi	 Ipsa quae'''
A	mitchell_ball_3794	7.0	38.1	'''Sequi unde porro atque saepe	 Debitis ad ratione blanditiis Enim fugit unde sequi'''
Ms Francesca Baker	ms_baker_9364	20.0		'''Autem; Laboriosam nesciunt quis laboriosam optio 	 Ad dolores dolorum'''
Dr Edward Matthews	dr_matthews_5433	81.0	45.1	'''Note: Quos ab exercitationem voluptatum	 then Totam ex deserunt cumque debitis eum'''
Janice Webb	janice_webb_8803	20.0	38.1	'''Note: Vero corporis qui repellat maxime ex	 then Consequuntur'''
Dr Russell McKenzie	dr_mckenzie_8375	92.0	56.1	'''(Est) 	 Aspernatur facere and Atque'''
Alice Rice	alice_rice_3287	66.0	36.1	'''Harum molestias architecto; Iure magni 	 Asperiores soluta'''
Mrs Aimee Morgan	mrs_morgan_7929	9.0	71.1	'''Doloribus ad quis: Ipsum id ipsam voluptas	 Accusantium qui nisi vel'''
Sam Hall-Chapman	sam_chapman_0257	41.0	53.1	'''Inventore modi dolores vitae quae provident; Culpa tempore nesciunt excepturi incidunt animi 	 Amet dicta repellat'''
