name	rating	remark
Jacob Willis	59.0	'''Repellat	 Laboriosam tempore ex voluptatum Error'''
Simon King	62.0	'''Note: Repellendus recusandae	 then Sit impedit in nostrum'''
Jennifer Roberts	18.0	'''Voluptatibus consequatur non quis; Nemo quisquam quia repudiandae 	 Ex beatae mollitia repellat quasi'''
Dennis Rowe-Godfrey	39.0	'''At; Rem quo iure explicabo inventore exercitationem 	 Exercitationem dicta atque'''
Carole Dawson-Williams	62.0	'''Note: Harum voluptates voluptate libero tempora	 then Sunt veniam occaecati at maxime dicta'''
Dr Brett Wood	7.0	'''Maxime maxime iure nesciunt id; Similique nostrum ratione alias eveniet 	 Veritatis ullam'''
Dr Samuel Murray	46.0	'''Note: Eum totam sapiente officia expedita quaerat	 then Delectus'''
Amelia Perry	16.0	'''Consequatur ipsa qui distinctio	 Accusantium enim Non optio'''
Olivia Lee	77.0	'''Note: Ad ea	 then Maiores'''
Margaret Wright	87.0	'''Corporis architecto dolor laudantium vel	 Aperiam dolorum rerum quasi magni Totam animi'''
Ms Sara Carroll	37.0	'''Quas ad; Accusantium maiores neque 	 Vero'''
Mrs Elaine Hunt	86.0	'''Qui odio; Saepe asperiores quo sit soluta totam 	 Molestiae laborum'''
Mr Tom Phillips	12.0	'''Omnis; Omnis ipsa 	 Aut assumenda'''
Liam Thomas	85.0	'''Eveniet assumenda amet placeat vitae; Pariatur itaque maiores 	 Quas quos voluptatem ex'''
Sally Edwards	44.0	'''Amet dignissimos molestias quas	 Laborum quas Repudiandae a unde odit'''
e	41.0	'''Note: Doloremque molestias	 then Corrupti natus'''
Elliott Williams	75.0	'''Rem	 Animi aspernatur Fuga impedit'''
Dr Joanne Robinson		'''Minus cupiditate assumenda: Consequatur	 Exercitationem dolores suscipit consequuntur facilis'''
Lauren Wright	91.0	'''Maxime aperiam maiores quae	 Incidunt Repellendus sed voluptate mollitia'''
Karl Edwards	58.0	'''Consequuntur inventore; Dolore possimus quam accusantium voluptates 	 Delectus tempore laborum odio impedit corrupti'''
Carolyn Lee	88.0	'''Veniam voluptatem distinctio minus eius: Dicta	 A excepturi'''
Dorothy Doherty	100.0	'''Note: Minus dolores	 then Optio'''
Eileen Newman	83.0	'''Quos commodi ducimus tempora nesciunt fuga; Nulla ut at 	 Consequatur ratione alias'''
Mr Jamie Johnston	53.0	'''Dolores non doloremque molestias	 Tenetur Asperiores'''
Alexandra Marshall	64.0	'''Sunt veritatis a: Blanditiis labore reiciendis rem	 Incidunt repudiandae'''
Vincent Smith	80.0	'''Voluptas pariatur molestiae quo: Mollitia recusandae similique sapiente sint	 Ipsam'''
Mrs Kayleigh Martin	71.0	'''Note: Id nisi cupiditate aspernatur	 then Asperiores voluptatum accusantium'''
