name	username	salary	remark
Nicole Allen	nicole_allen_2259	9.0	"""(Molestias blanditiis alias minus) 	 Officiis placeat repellendus quidem minima totam and Dolorem"""
Derek Baker	derek_baker_5091	82.0	"""Harum in quas	 Consequuntur atque officia distinctio Sunt quos quidem molestias"""
Mrs Pamela Webb	mrs_webb_3172	18.0	"""Quas minima; Ratione rerum repellat 	 Animi perspiciatis velit"""
Danielle Carpenter	danielle_carpenter_3578	56.0	"""Aliquid iste; Nostrum voluptas eligendi 	 Id ad beatae"""
Catherine Miller-Kaur	catherine_kaur_5246	77.0	"""Amet: Cum quam voluptas et	 Quisquam"""
Anne Vincent	anne_vincent_1731	92.0	"""Quaerat: Earum velit nisi consectetur	 Nihil sint cum"""
Lorraine Parker	lorraine_parker_8169	41.0	"""Perspiciatis nesciunt adipisci; Voluptatem incidunt quaerat 	 Eaque dolores"""
Fiona Harvey	fiona_harvey_3530	10.0	"""(Explicabo adipisci) 	 Molestiae veritatis vitae perspiciatis provident natus and Est repellendus deleniti"""
Dr Patrick Morris	dr_morris_3186	18.0	"""Cum; Tempora voluptates 	 Quam cum cumque quos"""
Conor Heath	conor_heath_2219	88.0	"""Note: Expedita officia laudantium	 then Rerum"""
Frederick Graham	frederick_graham_9125	44.0	"""Note: Cupiditate explicabo porro voluptatem	 then Tenetur qui aut possimus cupiditate"""
e	elliot_wade_9130		"""Ratione quasi pariatur	 Rem illum Quidem voluptatibus sunt deleniti aliquam"""
Adrian O'Sullivan	adrian_sullivan_9999	98.0	"""Harum neque ab doloribus	 Autem Facere porro architecto"""
Miss Lesley Stevens	miss_stevens_0228	68.0	"""(Ullam) 	 Quia iste mollitia ea tempore and Blanditiis cupiditate vitae fuga"""
Ms Marie Jones	ms_jones_8166	3.0	"""(Ratione quis possimus nulla blanditiis) 	 Rem and Enim dignissimos"""
Alex Townsend	alex_townsend_0443	57.0	"""Note: Quae iste voluptates	 then Error velit autem"""
Jonathan Finch	jonathan_finch_3894	17.0	"""Esse eveniet accusantium; Adipisci possimus ut sunt iure rem 	 Pariatur alias omnis ipsam rem"""
Alan King	alan_king_0596	2.0	"""Odit ipsam porro dolor molestiae	 Fuga Inventore"""
Mr Simon Ball	mr_ball_0111	3.0	"""Vitae accusantium minus	 Soluta amet asperiores Repellat"""
Tracy Spencer	tracy_spencer_4334	20.0	"""Soluta ut; Aut qui provident asperiores voluptatibus quam 	 Est impedit incidunt occaecati"""
Mrs Lynn Foster	mrs_foster_5068	68.0	"""(Distinctio distinctio quas aliquid explicabo qui) 	 Earum ullam modi voluptate laudantium and Modi culpa molestiae sapiente"""
Dr Yvonne Harris	dr_harris_1840	79.0	"""Note: Accusamus numquam nihil	 then Repellendus perspiciatis praesentium sed"""
Marilyn Brennan	marilyn_brennan_7441	30.0	"""Reiciendis	 Numquam consequuntur quod temporibus Dolorum iure"""
Dr Carl Collier	dr_collier_8595	72.0	"""(Aliquid amet ea) 	 Officiis neque and Commodi facilis laudantium"""
Miss Janice Jones	miss_jones_6689	19.0	"""Note: Expedita mollitia hic deleniti	 then Cum soluta"""
Frederick Watson	frederick_watson_3949	10.0	"""Note: Ea totam ex	 then Voluptas vitae ut"""
Nigel Smith	nigel_smith_4813	99.0	"""Odit veritatis	 Nisi tempore amet Illo iure officiis accusantium"""
Dr Marie Palmer	dr_palmer_7872	48.0	"""Minus ullam; Nostrum iusto consectetur amet numquam 	 Nihil quibusdam"""
Miss Andrea Gray	miss_gray_2086	2.0	"""Officiis eaque quo	 Inventore ut Et repellendus"""
Robin Parker	robin_parker_9924	54.0	"""Note: Molestiae deleniti temporibus pariatur	 then Rem consequuntur"""
Dr Leanne Martin	dr_martin_1961	73.0	"""Accusantium laboriosam vitae; Cum repudiandae dolore quisquam 	 Assumenda dolorum"""
Julie Jones	julie_jones_6596	43.0	"""(Aliquid at omnis molestiae) 	 Natus tenetur and Eius aliquam ducimus"""
Jeremy Porter-Pickering	jeremy_pickering_6924	5.0	"""(Labore illo) 	 Est labore corporis and Enim eum quaerat quae odio minus"""
Hayley Richardson-Hancock	hayley_hancock_9075	93.0	"""Note: Dolor	 then Explicabo accusantium"""
Toby Rhodes	toby_rhodes_7381	68.0	"""Ullam veniam repudiandae: Nihil numquam	 Fuga veritatis labore"""
Janet Hussain	janet_hussain_9703	35.0	"""Note: Quia asperiores	 then Unde distinctio odio modi"""
Jeremy Robertson	jeremy_robertson_3116	24.0	"""(Harum ratione) 	 Unde perspiciatis laudantium id possimus voluptate and Odio dicta adipisci"""
Mrs Lynne Sims	mrs_sims_8669	74.0	"""Vero eius deserunt	 Ut Mollitia consequuntur voluptatem"""
Ashley Jones	ashley_jones_0778	32.0	"""Note: Rerum veritatis cum perspiciatis provident	 then Reprehenderit eaque exercitationem hic"""
Mary Simpson	mary_simpson_5943	48.0	"""Numquam temporibus a	 Impedit Id quos officia optio"""
Zoe Wright	zoe_wright_0930	23.0	"""Quam assumenda illo nulla; Mollitia veritatis beatae 	 Assumenda dignissimos eum inventore tenetur"""
Dr Cameron Hartley	dr_hartley_0146	40.0	"""Asperiores inventore animi: Libero dolore eveniet	 Expedita"""
Marion Kelly-Fox	marion_fox_3769	3.0	"""Note: Culpa veniam facilis	 then Veniam velit"""
